{
  "authenticationMethod": "none",
  "routes": [
    {
      "path": "/sentimentservice",
      "target": {
        "type": "destination",
        "name": "sentimentservice"
      },
      "description": "TechEd Casino sentiment API"
    },
    {
      "path": "/sapui5",
      "target": {
        "type": "service",
        "name": "sapui5",
        "entryPath": "/resources"
      },
      "description": "SAPUI5"
    }
  ],
  "cacheControl": [
    {
      "directive": "private",
      "maxAge": 0,
      "path": "**.html"
    },
    {
      "directive": "private",
      "maxAge": 0,
      "path": "sap-ui-cachebuster-info.json"
    },
    {
      "directive": "public",
      "maxAge": 31536000
    }
  ]
}