{
  "welcomeFile": "index.html",
  "authenticationMethod": "none",
  "routes": [
    {
      "path": "/sentimentservice",
      "target": {
        "type": "destination",
        "name": "sentimentservice"
      },
      "description": "Sentiment analysis for slot machines"
    }
  ],
  "cacheControl": [
    {
      "directive": "private",
      "maxAge": 0,
      "path": "**.html"
    },
    {
      "directive": "private",
      "maxAge": 0,
      "path": "sap-ui-cachebuster-info.json"
    },
    {
      "directive": "public",
      "maxAge": 31536000
    }
  ]
}